admin1,Ho ten admin 1,nam,pw01,0123456789,TRUE,FALSE
admin2,Ho ten admin 2,nu,pw02,0123456790,TRUE,FALSE
admin3,Ho ten admin 3,nam,pw03,0123456791,FALSE,FALSE
admin4,Ho ten admin 4,nu,pw04,0123456792,TRUE,FALSE
admin5,Ho ten admin 5,nam,pw05,0123456793,TRUE,FALSE
admin6,Ho ten admin 6,nu,pw06,0123456794,FALSE,FALSE
admin7,Ho ten admin 7,nam,pw07,0123456795,TRUE,FALSE
admin8,Ho ten admin 8,nu,pw08,0123456796,TRUE,FALSE
admin9,Ho ten admin 9,nam,pw09,0123456797,FALSE,FALSE
admin10,Ho ten admin 10,nu,pw10,0123456798,TRUE,FALSE
pm1,Ho ten pm 1,nam,pw1,0123456798,TRUE,TRUE
pm2,Ho ten pm 2,nu,pw2,0123456799,FALSE,TRUE
pm3,Ho ten pm 3,nam,pw3,0123456800,TRUE,TRUE
pm4,Ho ten pm 4,nu,pw4,0123456801,TRUE,TRUE
pm5,Ho ten pm 5,nam,pw5,0123456802,FALSE,TRUE
pm6,Ho ten pm 6,nu,pw6,0123456803,TRUE,TRUE
pm7,Ho ten pm 7,nam,pw7,0123456804,TRUE,TRUE
pm8,Ho ten pm 8,nu,pw8,0123456805,FALSE,TRUE
pm9,Ho ten pm 9,nam,pw9,0123456806,TRUE,TRUE
pm10,Ho ten pm 10,nu,pw10,0123456807,TRUE,TRUE
member1,Ho ten meber 1,nam,pw1,0123456807,FALSE,FALSE
member2,Ho ten meber 2,nu,pw2,0123456808,TRUE,FALSE
member3,Ho ten meber 3,nam,pw3,0123456809,TRUE,FALSE
member4,Ho ten meber 4,nu,pw4,0123456810,FALSE,FALSE
member5,Ho ten meber 5,nam,pw5,0123456811,TRUE,FALSE
member6,Ho ten meber 6,nu,pw6,0123456812,TRUE,FALSE
member7,Ho ten meber 7,nam,pw7,0123456813,FALSE,FALSE
member8,Ho ten meber 8,nu,pw8,0123456814,TRUE,FALSE
member9,Ho ten meber 9,nam,pw9,0123456815,TRUE,FALSE
member10,Ho ten meber 10,nu,pw10,0123456816,FALSE,FALSE
member11,Ho ten meber 11,nam,pw11,0123456817,TRUE,FALSE
member12,Ho ten meber 12,nu,pw12,0123456818,TRUE,FALSE
member13,Ho ten meber 13,nam,pw13,0123456819,FALSE,FALSE
member14,Ho ten meber 14,nu,pw14,0123456820,TRUE,FALSE
member15,Ho ten meber 15,nam,pw15,0123456821,TRUE,FALSE
member16,Ho ten meber 16,nu,pw16,0123456822,FALSE,FALSE
member17,Ho ten meber 17,nam,pw17,0123456823,TRUE,FALSE
member18,Ho ten meber 18,nu,pw18,0123456824,TRUE,FALSE
member19,Ho ten meber 19,nam,pw19,0123456825,FALSE,FALSE
member20,Ho ten meber 20,nu,pw20,0123456826,TRUE,FALSE
member21,Ho ten meber 21,nam,pw21,0123456827,TRUE,FALSE
member22,Ho ten meber 22,nu,pw22,0123456828,FALSE,FALSE
member23,Ho ten meber 23,nam,pw23,0123456829,TRUE,FALSE
member24,Ho ten meber 24,nu,pw24,0123456830,TRUE,FALSE
member25,Ho ten meber 25,nam,pw25,0123456831,FALSE,FALSE
member26,Ho ten meber 26,nu,pw26,0123456832,TRUE,FALSE
member27,Ho ten meber 27,nam,pw27,0123456833,TRUE,FALSE
member28,Ho ten meber 28,nu,pw28,0123456834,FALSE,FALSE
member29,Ho ten meber 29,nam,pw29,0123456835,TRUE,FALSE
member30,Ho ten meber 30,nu,pw30,0123456836,TRUE,FALSE
member31,Ho ten meber 31,nam,pw31,0123456837,FALSE,FALSE
member32,Ho ten meber 32,nu,pw32,0123456838,TRUE,FALSE
member33,Ho ten meber 33,nam,pw33,0123456839,TRUE,FALSE
member34,Ho ten meber 34,nu,pw34,0123456840,FALSE,FALSE
member35,Ho ten meber 35,nam,pw35,0123456841,TRUE,FALSE
member36,Ho ten meber 36,nu,pw36,0123456842,TRUE,FALSE
member37,Ho ten meber 37,nam,pw37,0123456843,FALSE,FALSE
member38,Ho ten meber 38,nu,pw38,0123456844,TRUE,FALSE
member39,Ho ten meber 39,nam,pw39,0123456845,TRUE,FALSE
member40,Ho ten meber 40,nu,pw40,0123456846,FALSE,FALSE
member41,Ho ten meber 41,nam,pw41,0123456847,TRUE,FALSE
member42,Ho ten meber 42,nu,pw42,0123456848,TRUE,FALSE
member43,Ho ten meber 43,nam,pw43,0123456849,FALSE,FALSE
member44,Ho ten meber 44,nu,pw44,0123456850,TRUE,FALSE
member45,Ho ten meber 45,nam,pw45,0123456851,TRUE,FALSE
member46,Ho ten meber 46,nu,pw46,0123456852,FALSE,FALSE
member47,Ho ten meber 47,nam,pw47,0123456853,TRUE,FALSE
member48,Ho ten meber 48,nu,pw48,0123456854,TRUE,FALSE
member49,Ho ten meber 49,nam,pw49,0123456855,FALSE,FALSE
member50,Ho ten meber 50,nu,pw50,0123456856,TRUE,FALSE
member51,Ho ten meber 51,nam,pw51,0123456857,TRUE,FALSE
member52,Ho ten meber 52,nu,pw52,0123456858,FALSE,FALSE
member53,Ho ten meber 53,nam,pw53,0123456859,TRUE,FALSE
member54,Ho ten meber 54,nu,pw54,0123456860,TRUE,FALSE
member55,Ho ten meber 55,nam,pw55,0123456861,FALSE,FALSE
member56,Ho ten meber 56,nu,pw56,0123456862,TRUE,FALSE
member57,Ho ten meber 57,nam,pw57,0123456863,TRUE,FALSE
member58,Ho ten meber 58,nu,pw58,0123456864,FALSE,FALSE
member59,Ho ten meber 59,nam,pw59,0123456865,TRUE,FALSE
member60,Ho ten meber 60,nu,pw60,0123456866,TRUE,FALSE
member61,Ho ten meber 61,nam,pw61,0123456867,FALSE,FALSE
member62,Ho ten meber 62,nu,pw62,0123456868,TRUE,FALSE
member63,Ho ten meber 63,nam,pw63,0123456869,TRUE,FALSE
member64,Ho ten meber 64,nu,pw64,0123456870,FALSE,FALSE
member65,Ho ten meber 65,nam,pw65,0123456871,TRUE,FALSE
member66,Ho ten meber 66,nu,pw66,0123456872,TRUE,FALSE
member67,Ho ten meber 67,nam,pw67,0123456873,FALSE,FALSE
member68,Ho ten meber 68,nu,pw68,0123456874,TRUE,FALSE
member69,Ho ten meber 69,nam,pw69,0123456875,TRUE,FALSE
member70,Ho ten meber 70,nu,pw70,0123456876,FALSE,FALSE
member71,Ho ten meber 71,nam,pw71,0123456877,TRUE,FALSE
member72,Ho ten meber 72,nu,pw72,0123456878,TRUE,FALSE
member73,Ho ten meber 73,nam,pw73,0123456879,FALSE,FALSE
member74,Ho ten meber 74,nu,pw74,0123456880,TRUE,FALSE
member75,Ho ten meber 75,nam,pw75,0123456881,TRUE,FALSE
member76,Ho ten meber 76,nu,pw76,0123456882,FALSE,FALSE
member77,Ho ten meber 77,nam,pw77,0123456883,TRUE,FALSE
member78,Ho ten meber 78,nu,pw78,0123456884,TRUE,FALSE
member79,Ho ten meber 79,nam,pw79,0123456885,FALSE,FALSE
member80,Ho ten meber 80,nu,pw80,0123456886,TRUE,FALSE
